{
  "serial": "40650939",
  "camera_matrix": [
    [10248.145276554511, 0, 362.34022396143763],
    [0, 10248.145276554511, 836.4982446836866],
    [0, 0, 1]
  ],
  "dist_coeffs": [
    [
      0.3879610807954909, -32.55630732231128, 0.004696769780994567,
      -0.012250285077922874, 3.2693452504625373
    ]
  ],
  "img_shape": [1700, 1200, 3],
  "R": [
    [0.9993635735573337, 0.006616037385948222, 0.03505247346512661],
    [-0.005180726836184484, 0.9991505821562554, -0.0408812211934122],
    [-0.035293170956496776, 0.04067360601328081, 0.9985489721880004]
  ],
  "tvec": [[-618.5888260518598], [-368.538803405791], [766.1585544376784]]
}
